﻿Tool,What does it do,Link,Categories,Main Categories
Tome,Presentations,https://beta.tome.app/,Presentation Tools,Business & Startup
Uizard,Prototyping,https://uizard.io/,Product Development,Business & Startup
VenturusAI,Startup ideas,https://venturusai.com/,Startup Tools,Business & Startup
TeamSmart,ChatGPT for Chrome,https://www.teamsmart.ai/,Chat & Communication,Chatbots
UnlimitedGPT,ChatGPT,https://unlimitedgpt.co/,Chat & Communication,Chatbots
Magickpen,Content generation,https://magickpen.com/,Content Generation,Content
Dreampress,Story writing,https://www.dreampress.ai/,Story Tools,Content
Greip,Fraud security,https://greip.io/,Data Analysis & Management,Data
DataSquirrel,Data analytics,https://datasquirrel.ai/,Data Analysis & Management,Data
UiMagic,Web design,https://www.uimagic.io/,Design Tools,Design
Remover.app,Object removing,https://remover.zmo.ai/,Image Editing,Design
IMGCreator,Image generation,https://imgcreator.zmo.ai/,Image Processing,Design
Webullar,Website building,https://webullar.com/,Coding & Development,Developer
Eightify Explore,Educational articles,https://explore.eightify.app/,Education,Education
CourseGen,Online courses,https://www.coursegen.ai/,Learning & Education,Education
Wallet AI,Expense & income tracking,https://wallet.ai/,Finance,Finance
Proposal Genie,Freelance job proposals,https://proposalgenie.ai/,Job Tools,Jobs
NetworkAI,Job searching,https://www.wonsulting.com/networkai,Job Tools,Jobs
Caption-spark,Instagram captions,https://www.buildai.space/app/caption-spark,Social Media,Lifestyle
Tethered AI,Search engine,https://tethered.ai/,Search Tools,Others
GPTExcel,Excel formulas,https://gptexcel.uk/,Spreadsheets,Others
Alcotravel,Travel itineraries,https://aicotravel.com/,Travel,Others
Musicfy,Song covers,https://www.musicfy.lol/,Music Tools,Sound
Kits AI,Music voices,https://www.kits.ai/,Video & Audio Processing,Sound
Kaiber,Video generation,https://kaiber.ai/,Video Generation,Video